source,xml_file,original_xml,xml_segment
ASAP,,{ASAP}/Bach/Fugue/bwv_846/xml_score.musicxml,xml_segments/Bach-Fugue-bwv_846_seg7_offset3.musicxml
ASAP,,{ASAP}/Bach/Fugue/bwv_848/xml_score.musicxml,xml_segments/Bach-Fugue-bwv_848_seg14_offset3.musicxml
ASAP,,{ASAP}/Bach/Fugue/bwv_854/xml_score.musicxml,xml_segments/Bach-Fugue-bwv_854_seg8_offset3.musicxml
ASAP,,{ASAP}/Bach/Fugue/bwv_856/xml_score.musicxml,xml_segments/Bach-Fugue-bwv_856_seg19_offset3.musicxml
ASAP,,{ASAP}/Bach/Fugue/bwv_857/xml_score.musicxml,xml_segments/Bach-Fugue-bwv_857_seg15_offset3.musicxml
ASAP,,{ASAP}/Bach/Fugue/bwv_858/xml_score.musicxml,xml_segments/Bach-Fugue-bwv_858_seg9_offset3.musicxml
ASAP,,{ASAP}/Bach/Fugue/bwv_860/xml_score.musicxml,xml_segments/Bach-Fugue-bwv_860_seg22_offset3.musicxml
ASAP,,{ASAP}/Bach/Fugue/bwv_862/xml_score.musicxml,xml_segments/Bach-Fugue-bwv_862_seg9_offset3.musicxml
ASAP,,{ASAP}/Bach/Fugue/bwv_863/xml_score.musicxml,xml_segments/Bach-Fugue-bwv_863_seg11_offset3.musicxml
ASAP,,{ASAP}/Bach/Fugue/bwv_864/xml_score.musicxml,xml_segments/Bach-Fugue-bwv_864_seg14_offset3.musicxml
ASAP,,{ASAP}/Bach/Fugue/bwv_865/xml_score.musicxml,xml_segments/Bach-Fugue-bwv_865_seg22_offset3.musicxml
ASAP,,{ASAP}/Bach/Fugue/bwv_866/xml_score.musicxml,xml_segments/Bach-Fugue-bwv_866_seg13_offset3.musicxml
ASAP,,{ASAP}/Bach/Fugue/bwv_867/xml_score.musicxml,xml_segments/Bach-Fugue-bwv_867_seg19_offset3.musicxml
ASAP,,{ASAP}/Bach/Fugue/bwv_868/xml_score.musicxml,xml_segments/Bach-Fugue-bwv_868_seg9_offset3.musicxml
ASAP,,{ASAP}/Bach/Fugue/bwv_870/xml_score.musicxml,xml_segments/Bach-Fugue-bwv_870_seg21_offset3.musicxml
ASAP,,{ASAP}/Bach/Fugue/bwv_873/xml_score.musicxml,xml_segments/Bach-Fugue-bwv_873_seg18_offset3.musicxml
ASAP,,{ASAP}/Bach/Fugue/bwv_874/xml_score.musicxml,xml_segments/Bach-Fugue-bwv_874_seg13_offset3.musicxml
ASAP,,{ASAP}/Bach/Fugue/bwv_875/xml_score.musicxml,xml_segments/Bach-Fugue-bwv_875_seg7_offset3.musicxml
ASAP,,{ASAP}/Bach/Fugue/bwv_876/xml_score.musicxml,xml_segments/Bach-Fugue-bwv_876_seg18_offset3.musicxml
ASAP,,{ASAP}/Bach/Fugue/bwv_880/xml_score.musicxml,xml_segments/Bach-Fugue-bwv_880_seg25_offset3.musicxml
ASAP,,{ASAP}/Bach/Fugue/bwv_883/xml_score.musicxml,xml_segments/Bach-Fugue-bwv_883_seg18_offset3.musicxml
ASAP,,{ASAP}/Bach/Fugue/bwv_884/xml_score.musicxml,xml_segments/Bach-Fugue-bwv_884_seg19_offset3.musicxml
ASAP,,{ASAP}/Bach/Fugue/bwv_885/xml_score.musicxml,xml_segments/Bach-Fugue-bwv_885_seg22_offset3.musicxml
ASAP,,{ASAP}/Bach/Fugue/bwv_887/xml_score.musicxml,xml_segments/Bach-Fugue-bwv_887_seg36_offset3.musicxml
ASAP,,{ASAP}/Bach/Fugue/bwv_888/xml_score.musicxml,xml_segments/Bach-Fugue-bwv_888_seg8_offset3.musicxml
ASAP,,{ASAP}/Bach/Fugue/bwv_889/xml_score.musicxml,xml_segments/Bach-Fugue-bwv_889_seg8_offset3.musicxml
ASAP,,{ASAP}/Bach/Fugue/bwv_891/xml_score.musicxml,xml_segments/Bach-Fugue-bwv_891_seg26_offset3.musicxml
ASAP,,{ASAP}/Bach/Fugue/bwv_892/xml_score.musicxml,xml_segments/Bach-Fugue-bwv_892_seg27_offset3.musicxml
ASAP,,{ASAP}/Bach/Fugue/bwv_893/xml_score.musicxml,xml_segments/Bach-Fugue-bwv_893_seg26_offset3.musicxml
ASAP,,{ASAP}/Bach/Italian_concerto/xml_score.musicxml,xml_segments/Bach-Italian_concerto_seg13_offset3.musicxml
ASAP,,{ASAP}/Bach/Prelude/bwv_846/xml_score.musicxml,xml_segments/Bach-Prelude-bwv_846_seg9_offset3.musicxml
ASAP,,{ASAP}/Bach/Prelude/bwv_848/xml_score.musicxml,xml_segments/Bach-Prelude-bwv_848_seg27_offset3.musicxml
ASAP,,{ASAP}/Bach/Prelude/bwv_854/xml_score.musicxml,xml_segments/Bach-Prelude-bwv_854_seg7_offset3.musicxml
ASAP,,{ASAP}/Bach/Prelude/bwv_856/xml_score.musicxml,xml_segments/Bach-Prelude-bwv_856_seg5_offset3.musicxml
ASAP,,{ASAP}/Bach/Prelude/bwv_857/xml_score.musicxml,xml_segments/Bach-Prelude-bwv_857_seg6_offset3.musicxml
ASAP,,{ASAP}/Bach/Prelude/bwv_858/xml_score.musicxml,xml_segments/Bach-Prelude-bwv_858_seg8_offset3.musicxml
ASAP,,{ASAP}/Bach/Prelude/bwv_860/xml_score.musicxml,xml_segments/Bach-Prelude-bwv_860_seg5_offset3.musicxml
ASAP,,{ASAP}/Bach/Prelude/bwv_862/xml_score.musicxml,xml_segments/Bach-Prelude-bwv_862_seg12_offset3.musicxml
ASAP,,{ASAP}/Bach/Prelude/bwv_863/xml_score.musicxml,xml_segments/Bach-Prelude-bwv_863_seg8_offset3.musicxml
ASAP,,{ASAP}/Bach/Prelude/bwv_864/xml_score.musicxml,xml_segments/Bach-Prelude-bwv_864_seg7_offset3.musicxml
ASAP,,{ASAP}/Bach/Prelude/bwv_865/xml_score.musicxml,xml_segments/Bach-Prelude-bwv_865_seg8_offset3.musicxml
ASAP,,{ASAP}/Bach/Prelude/bwv_866/xml_score.musicxml,xml_segments/Bach-Prelude-bwv_866_seg6_offset3.musicxml
ASAP,,{ASAP}/Bach/Prelude/bwv_867/xml_score.musicxml,xml_segments/Bach-Prelude-bwv_867_seg7_offset3.musicxml
ASAP,,{ASAP}/Bach/Prelude/bwv_868/xml_score.musicxml,xml_segments/Bach-Prelude-bwv_868_seg5_offset3.musicxml
ASAP,,{ASAP}/Bach/Prelude/bwv_870/xml_score.musicxml,xml_segments/Bach-Prelude-bwv_870_seg9_offset3.musicxml
ASAP,,{ASAP}/Bach/Prelude/bwv_873/xml_score.musicxml,xml_segments/Bach-Prelude-bwv_873_seg16_offset3.musicxml
ASAP,,{ASAP}/Bach/Prelude/bwv_874/xml_score.musicxml,xml_segments/Bach-Prelude-bwv_874_seg15_offset3.musicxml
ASAP,,{ASAP}/Bach/Prelude/bwv_875/xml_score.musicxml,xml_segments/Bach-Prelude-bwv_875_seg16_offset3.musicxml
ASAP,,{ASAP}/Bach/Prelude/bwv_876/xml_score.musicxml,xml_segments/Bach-Prelude-bwv_876_seg18_offset3.musicxml
ASAP,,{ASAP}/Bach/Prelude/bwv_880/xml_score.musicxml,xml_segments/Bach-Prelude-bwv_880_seg19_offset3.musicxml
ASAP,,{ASAP}/Bach/Prelude/bwv_883/xml_score.musicxml,xml_segments/Bach-Prelude-bwv_883_seg11_offset3.musicxml
ASAP,,{ASAP}/Bach/Prelude/bwv_884/xml_score.musicxml,xml_segments/Bach-Prelude-bwv_884_seg13_offset3.musicxml
ASAP,,{ASAP}/Bach/Prelude/bwv_885/xml_score.musicxml,xml_segments/Bach-Prelude-bwv_885_seg6_offset3.musicxml
ASAP,,{ASAP}/Bach/Prelude/bwv_887/xml_score.musicxml,xml_segments/Bach-Prelude-bwv_887_seg13_offset3.musicxml
ASAP,,{ASAP}/Bach/Prelude/bwv_888/xml_score.musicxml,xml_segments/Bach-Prelude-bwv_888_seg9_offset3.musicxml
ASAP,,{ASAP}/Bach/Prelude/bwv_889/xml_score.musicxml,xml_segments/Bach-Prelude-bwv_889_seg9_offset3.musicxml
ASAP,,{ASAP}/Bach/Prelude/bwv_891/xml_score.musicxml,xml_segments/Bach-Prelude-bwv_891_seg21_offset3.musicxml
ASAP,,{ASAP}/Bach/Prelude/bwv_892/xml_score.musicxml,xml_segments/Bach-Prelude-bwv_892_seg12_offset3.musicxml
ASAP,,{ASAP}/Bach/Prelude/bwv_893/xml_score.musicxml,xml_segments/Bach-Prelude-bwv_893_seg17_offset3.musicxml
ASAP,,{ASAP}/Balakirev/Islamey/xml_score.musicxml,xml_segments/Balakirev-Islamey_seg32_offset3.musicxml
ASAP,,{ASAP}/Beethoven/Piano_Sonatas/1-1/xml_score.musicxml,xml_segments/Beethoven-Piano_Sonatas-1-1_seg39_offset3.musicxml
ASAP,,{ASAP}/Beethoven/Piano_Sonatas/10-1/xml_score.musicxml,xml_segments/Beethoven-Piano_Sonatas-10-1_seg34_offset3.musicxml
ASAP,,{ASAP}/Beethoven/Piano_Sonatas/11-1/xml_score.musicxml,xml_segments/Beethoven-Piano_Sonatas-11-1_seg28_offset3.musicxml
ASAP,,{ASAP}/Beethoven/Piano_Sonatas/11-2/xml_score.musicxml,xml_segments/Beethoven-Piano_Sonatas-11-2_seg20_offset3.musicxml
ASAP,,{ASAP}/Beethoven/Piano_Sonatas/11-3/xml_score.musicxml,xml_segments/Beethoven-Piano_Sonatas-11-3_seg13_offset3.musicxml
ASAP,,{ASAP}/Beethoven/Piano_Sonatas/12-1/xml_score.musicxml,xml_segments/Beethoven-Piano_Sonatas-12-1_seg50_offset3.musicxml
ASAP,,{ASAP}/Beethoven/Piano_Sonatas/13-4/xml_score.musicxml,xml_segments/Beethoven-Piano_Sonatas-13-4_seg46_offset3.musicxml
ASAP,,{ASAP}/Beethoven/Piano_Sonatas/14-3/xml_score.musicxml,xml_segments/Beethoven-Piano_Sonatas-14-3_seg23_offset3.musicxml
ASAP,,{ASAP}/Beethoven/Piano_Sonatas/15-1/xml_score.musicxml,xml_segments/Beethoven-Piano_Sonatas-15-1_seg84_offset3.musicxml
ASAP,,{ASAP}/Beethoven/Piano_Sonatas/15-4/xml_score.musicxml,xml_segments/Beethoven-Piano_Sonatas-15-4_seg42_offset3.musicxml
ASAP,,{ASAP}/Beethoven/Piano_Sonatas/16-1/xml_score.musicxml,xml_segments/Beethoven-Piano_Sonatas-16-1_seg63_offset3.musicxml
ASAP,,{ASAP}/Beethoven/Piano_Sonatas/16-2/xml_score.musicxml,xml_segments/Beethoven-Piano_Sonatas-16-2_seg17_offset3.musicxml
ASAP,,{ASAP}/Beethoven/Piano_Sonatas/17-1/xml_score.musicxml,xml_segments/Beethoven-Piano_Sonatas-17-1_seg45_offset3.musicxml
ASAP,,{ASAP}/Beethoven/Piano_Sonatas/17-1_no_repeat/xml_score.musicxml,xml_segments/Beethoven-Piano_Sonatas-17-1_no_repeat_seg42_offset3.musicxml
ASAP,,{ASAP}/Beethoven/Piano_Sonatas/17-2/xml_score.musicxml,xml_segments/Beethoven-Piano_Sonatas-17-2_seg26_offset3.musicxml
ASAP,,{ASAP}/Beethoven/Piano_Sonatas/17-3/xml_score.musicxml,xml_segments/Beethoven-Piano_Sonatas-17-3_seg59_offset3.musicxml
ASAP,,{ASAP}/Beethoven/Piano_Sonatas/18-1/xml_score.musicxml,xml_segments/Beethoven-Piano_Sonatas-18-1_seg41_offset3.musicxml
ASAP,,{ASAP}/Beethoven/Piano_Sonatas/18-2/xml_score.musicxml,xml_segments/Beethoven-Piano_Sonatas-18-2_seg42_offset3.musicxml
ASAP,,{ASAP}/Beethoven/Piano_Sonatas/18-2_no_repeat/xml_score.musicxml,xml_segments/Beethoven-Piano_Sonatas-18-2_no_repeat_seg40_offset3.musicxml
ASAP,,{ASAP}/Beethoven/Piano_Sonatas/18-3/xml_score.musicxml,xml_segments/Beethoven-Piano_Sonatas-18-3_seg19_offset3.musicxml
ASAP,,{ASAP}/Beethoven/Piano_Sonatas/18-4/xml_score.musicxml,xml_segments/Beethoven-Piano_Sonatas-18-4_seg62_offset3.musicxml
ASAP,,{ASAP}/Beethoven/Piano_Sonatas/2-1/xml_score.musicxml,xml_segments/Beethoven-Piano_Sonatas-2-1_seg67_offset3.musicxml
ASAP,,{ASAP}/Beethoven/Piano_Sonatas/21-1/xml_score.musicxml,xml_segments/Beethoven-Piano_Sonatas-21-1_seg29_offset3.musicxml
ASAP,,{ASAP}/Beethoven/Piano_Sonatas/21-1_no_repeat/xml_score.musicxml,xml_segments/Beethoven-Piano_Sonatas-21-1_no_repeat_seg31_offset3.musicxml
ASAP,,{ASAP}/Beethoven/Piano_Sonatas/21-2/xml_score.musicxml,xml_segments/Beethoven-Piano_Sonatas-21-2_seg8_offset3.musicxml
ASAP,,{ASAP}/Beethoven/Piano_Sonatas/21-3/xml_score.musicxml,xml_segments/Beethoven-Piano_Sonatas-21-3_seg42_offset3.musicxml
ASAP,,{ASAP}/Beethoven/Piano_Sonatas/22-1/xml_score.musicxml,xml_segments/Beethoven-Piano_Sonatas-22-1_seg38_offset3.musicxml
ASAP,,{ASAP}/Beethoven/Piano_Sonatas/22-2/xml_score.musicxml,xml_segments/Beethoven-Piano_Sonatas-22-2_seg47_offset3.musicxml
ASAP,,{ASAP}/Beethoven/Piano_Sonatas/23-1/xml_score.musicxml,xml_segments/Beethoven-Piano_Sonatas-23-1_seg22_offset3.musicxml
ASAP,,{ASAP}/Beethoven/Piano_Sonatas/24-1_no_2_repeat/xml_score.musicxml,xml_segments/Beethoven-Piano_Sonatas-24-1_no_2_repeat_seg6_offset3.musicxml
ASAP,,{ASAP}/Beethoven/Piano_Sonatas/24-1/xml_score.musicxml,xml_segments/Beethoven-Piano_Sonatas-24-1_seg28_offset3.musicxml
ASAP,,{ASAP}/Beethoven/Piano_Sonatas/24-1_no_repeat/xml_score.musicxml,xml_segments/Beethoven-Piano_Sonatas-24-1_no_repeat_seg27_offset3.musicxml
ASAP,,{ASAP}/Beethoven/Piano_Sonatas/24-2/xml_score.musicxml,xml_segments/Beethoven-Piano_Sonatas-24-2_seg46_offset3.musicxml
ASAP,,{ASAP}/Beethoven/Piano_Sonatas/26-1/xml_score.musicxml,xml_segments/Beethoven-Piano_Sonatas-26-1_seg60_offset3.musicxml
ASAP,,{ASAP}/Beethoven/Piano_Sonatas/26-1_no_repeat/xml_score.musicxml,xml_segments/Beethoven-Piano_Sonatas-26-1_no_repeat_seg64_offset3.musicxml
ASAP,,{ASAP}/Beethoven/Piano_Sonatas/26-2/xml_score.musicxml,xml_segments/Beethoven-Piano_Sonatas-26-2_seg11_offset3.musicxml
ASAP,,{ASAP}/Beethoven/Piano_Sonatas/26-3/xml_score.musicxml,xml_segments/Beethoven-Piano_Sonatas-26-3_seg39_offset3.musicxml
ASAP,,{ASAP}/Beethoven/Piano_Sonatas/27-1/xml_score.musicxml,xml_segments/Beethoven-Piano_Sonatas-27-1_seg8_offset3.musicxml
ASAP,,{ASAP}/Beethoven/Piano_Sonatas/27-2/xml_score.musicxml,xml_segments/Beethoven-Piano_Sonatas-27-2_seg49_offset3.musicxml
ASAP,,{ASAP}/Beethoven/Piano_Sonatas/28-1/xml_score.musicxml,xml_segments/Beethoven-Piano_Sonatas-28-1_seg26_offset3.musicxml
ASAP,,{ASAP}/Beethoven/Piano_Sonatas/28-2/xml_score.musicxml,xml_segments/Beethoven-Piano_Sonatas-28-2_seg25_offset3.musicxml
ASAP,,{ASAP}/Beethoven/Piano_Sonatas/29-2/xml_score.musicxml,xml_segments/Beethoven-Piano_Sonatas-29-2_seg45_offset3.musicxml
ASAP,,{ASAP}/Beethoven/Piano_Sonatas/29-3/xml_score.musicxml,xml_segments/Beethoven-Piano_Sonatas-29-3_seg30_offset3.musicxml
ASAP,,{ASAP}/Beethoven/Piano_Sonatas/29-4/xml_score.musicxml,xml_segments/Beethoven-Piano_Sonatas-29-4_seg26_offset3.musicxml
ASAP,,{ASAP}/Beethoven/Piano_Sonatas/3-1/xml_score.musicxml,xml_segments/Beethoven-Piano_Sonatas-3-1_seg38_offset3.musicxml
ASAP,,{ASAP}/Beethoven/Piano_Sonatas/3-2/xml_score.musicxml,xml_segments/Beethoven-Piano_Sonatas-3-2_seg21_offset3.musicxml
ASAP,,{ASAP}/Beethoven/Piano_Sonatas/30-1/xml_score.musicxml,xml_segments/Beethoven-Piano_Sonatas-30-1_seg26_offset3.musicxml
ASAP,,{ASAP}/Beethoven/Piano_Sonatas/31-1/xml_score.musicxml,xml_segments/Beethoven-Piano_Sonatas-31-1_seg23_offset3.musicxml
ASAP,,{ASAP}/Beethoven/Piano_Sonatas/31-2/xml_score.musicxml,xml_segments/Beethoven-Piano_Sonatas-31-2_seg41_offset3.musicxml
ASAP,,{ASAP}/Beethoven/Piano_Sonatas/31-3_4/xml_score.musicxml,xml_segments/Beethoven-Piano_Sonatas-31-3_4_seg46_offset3.musicxml
ASAP,,{ASAP}/Beethoven/Piano_Sonatas/32-1/xml_score.musicxml,xml_segments/Beethoven-Piano_Sonatas-32-1_seg28_offset3.musicxml
ASAP,,{ASAP}/Beethoven/Piano_Sonatas/4-1/xml_score.musicxml,xml_segments/Beethoven-Piano_Sonatas-4-1_seg65_offset3.musicxml
ASAP,,{ASAP}/Beethoven/Piano_Sonatas/5-1/xml_score.musicxml,xml_segments/Beethoven-Piano_Sonatas-5-1_seg72_offset3.musicxml
ASAP,,{ASAP}/Beethoven/Piano_Sonatas/7-1/xml_score.musicxml,xml_segments/Beethoven-Piano_Sonatas-7-1_seg62_offset3.musicxml
ASAP,,{ASAP}/Beethoven/Piano_Sonatas/7-2/xml_score.musicxml,xml_segments/Beethoven-Piano_Sonatas-7-2_seg22_offset3.musicxml
ASAP,,{ASAP}/Beethoven/Piano_Sonatas/7-3/xml_score.musicxml,xml_segments/Beethoven-Piano_Sonatas-7-3_seg23_offset3.musicxml
ASAP,,{ASAP}/Beethoven/Piano_Sonatas/7-4/xml_score.musicxml,xml_segments/Beethoven-Piano_Sonatas-7-4_seg29_offset3.musicxml
ASAP,,{ASAP}/Beethoven/Piano_Sonatas/8-1/xml_score.musicxml,xml_segments/Beethoven-Piano_Sonatas-8-1_seg51_offset3.musicxml
ASAP,,{ASAP}/Beethoven/Piano_Sonatas/8-2/xml_score.musicxml,xml_segments/Beethoven-Piano_Sonatas-8-2_seg19_offset3.musicxml
ASAP,,{ASAP}/Beethoven/Piano_Sonatas/8-3/xml_score.musicxml,xml_segments/Beethoven-Piano_Sonatas-8-3_seg48_offset3.musicxml
ASAP,,{ASAP}/Beethoven/Piano_Sonatas/9-1/xml_score.musicxml,xml_segments/Beethoven-Piano_Sonatas-9-1_seg41_offset3.musicxml
ASAP,,{ASAP}/Beethoven/Piano_Sonatas/9-2_no_trio/xml_score.musicxml,xml_segments/Beethoven-Piano_Sonatas-9-2_no_trio_seg20_offset3.musicxml
ASAP,,{ASAP}/Beethoven/Piano_Sonatas/9-3/xml_score.musicxml,xml_segments/Beethoven-Piano_Sonatas-9-3_seg34_offset3.musicxml
ASAP,,{ASAP}/Brahms/Six_Pieces_op_118/2/xml_score.musicxml,xml_segments/Brahms-Six_Pieces_op_118-2_seg30_offset3.musicxml
ASAP,,{ASAP}/Chopin/Ballades/1/xml_score.musicxml,xml_segments/Chopin-Ballades-1_seg39_offset3.musicxml
ASAP,,{ASAP}/Chopin/Ballades/2/xml_score.musicxml,xml_segments/Chopin-Ballades-2_seg45_offset3.musicxml
ASAP,,{ASAP}/Chopin/Ballades/3/xml_score.musicxml,xml_segments/Chopin-Ballades-3_seg47_offset3.musicxml
ASAP,,{ASAP}/Chopin/Ballades/4/xml_score.musicxml,xml_segments/Chopin-Ballades-4_seg41_offset3.musicxml
ASAP,,{ASAP}/Chopin/Barcarolle/xml_score.musicxml,xml_segments/Chopin-Barcarolle_seg22_offset3.musicxml
ASAP,,{ASAP}/Chopin/Berceuse_op_57/xml_score.musicxml,xml_segments/Chopin-Berceuse_op_57_seg18_offset3.musicxml
ASAP,,{ASAP}/Chopin/Etudes_op_10/1/xml_score.musicxml,xml_segments/Chopin-Etudes_op_10-1_seg20_offset3.musicxml
ASAP,,{ASAP}/Chopin/Etudes_op_10/10/xml_score.musicxml,xml_segments/Chopin-Etudes_op_10-10_seg20_offset3.musicxml
ASAP,,{ASAP}/Chopin/Etudes_op_10/12/xml_score.musicxml,xml_segments/Chopin-Etudes_op_10-12_seg22_offset3.musicxml
ASAP,,{ASAP}/Chopin/Etudes_op_10/2/xml_score.musicxml,xml_segments/Chopin-Etudes_op_10-2_seg13_offset3.musicxml
ASAP,,{ASAP}/Chopin/Etudes_op_10/3/xml_score.musicxml,xml_segments/Chopin-Etudes_op_10-3_seg20_offset3.musicxml
ASAP,,{ASAP}/Chopin/Etudes_op_10/4/xml_score.musicxml,xml_segments/Chopin-Etudes_op_10-4_seg21_offset3.musicxml
ASAP,,{ASAP}/Chopin/Etudes_op_10/5/xml_score.musicxml,xml_segments/Chopin-Etudes_op_10-5_seg22_offset3.musicxml
ASAP,,{ASAP}/Chopin/Etudes_op_10/7/xml_score.musicxml,xml_segments/Chopin-Etudes_op_10-7_seg16_offset3.musicxml
ASAP,,{ASAP}/Chopin/Etudes_op_10/8/xml_score.musicxml,xml_segments/Chopin-Etudes_op_10-8_seg23_offset3.musicxml
ASAP,,{ASAP}/Chopin/Etudes_op_25/1/xml_score.musicxml,xml_segments/Chopin-Etudes_op_25-1_seg13_offset3.musicxml
ASAP,,{ASAP}/Chopin/Etudes_op_25/10/xml_score.musicxml,xml_segments/Chopin-Etudes_op_25-10_seg30_offset3.musicxml
ASAP,,{ASAP}/Chopin/Etudes_op_25/11/xml_score.musicxml,xml_segments/Chopin-Etudes_op_25-11_seg16_offset3.musicxml
ASAP,,{ASAP}/Chopin/Etudes_op_25/12/xml_score.musicxml,xml_segments/Chopin-Etudes_op_25-12_seg21_offset3.musicxml
ASAP,,{ASAP}/Chopin/Etudes_op_25/2/xml_score.musicxml,xml_segments/Chopin-Etudes_op_25-2_seg18_offset3.musicxml
ASAP,,{ASAP}/Chopin/Etudes_op_25/4/xml_score.musicxml,xml_segments/Chopin-Etudes_op_25-4_seg17_offset3.musicxml
ASAP,,{ASAP}/Chopin/Etudes_op_25/5/xml_score.musicxml,xml_segments/Chopin-Etudes_op_25-5_seg35_offset3.musicxml
ASAP,,{ASAP}/Chopin/Etudes_op_25/8/xml_score.musicxml,xml_segments/Chopin-Etudes_op_25-8_seg10_offset3.musicxml
ASAP,,{ASAP}/Chopin/Polonaises/53/xml_score.musicxml,xml_segments/Chopin-Polonaises-53_seg35_offset3.musicxml
ASAP,,{ASAP}/Chopin/Scherzos/20/xml_score.musicxml,xml_segments/Chopin-Scherzos-20_seg70_offset3.musicxml
ASAP,,{ASAP}/Chopin/Scherzos/31/xml_score.musicxml,xml_segments/Chopin-Scherzos-31_seg78_offset3.musicxml
ASAP,,{ASAP}/Chopin/Scherzos/39/xml_score.musicxml,xml_segments/Chopin-Scherzos-39_seg163_offset3.musicxml
ASAP,,{ASAP}/Chopin/Sonata_2/1st_no_repeat/xml_score.musicxml,xml_segments/Chopin-Sonata_2-1st_no_repeat_seg54_offset3.musicxml
ASAP,,{ASAP}/Chopin/Sonata_2/2nd/xml_score.musicxml,xml_segments/Chopin-Sonata_2-2nd_seg73_offset3.musicxml
ASAP,,{ASAP}/Chopin/Sonata_2/2nd_no_repeat/xml_score.musicxml,xml_segments/Chopin-Sonata_2-2nd_no_repeat_seg72_offset3.musicxml
ASAP,,{ASAP}/Chopin/Sonata_2/3rd/xml_score.musicxml,xml_segments/Chopin-Sonata_2-3rd_seg22_offset3.musicxml
ASAP,,{ASAP}/Chopin/Sonata_2/3rd_no_repeat/xml_score.musicxml,xml_segments/Chopin-Sonata_2-3rd_no_repeat_seg22_offset3.musicxml
ASAP,,{ASAP}/Chopin/Sonata_2/4th/xml_score.musicxml,xml_segments/Chopin-Sonata_2-4th_seg20_offset3.musicxml
ASAP,,{ASAP}/Chopin/Sonata_3/2nd/xml_score.musicxml,xml_segments/Chopin-Sonata_3-2nd_seg55_offset3.musicxml
ASAP,,{ASAP}/Chopin/Sonata_3/3rd/xml_score.musicxml,xml_segments/Chopin-Sonata_3-3rd_seg29_offset3.musicxml
ASAP,,{ASAP}/Chopin/Sonata_3/4th/xml_score.musicxml,xml_segments/Chopin-Sonata_3-4th_seg42_offset3.musicxml
ASAP,,{ASAP}/Debussy/Images_Book_1/1_Reflets_dans_lEau/xml_score.musicxml,xml_segments/Debussy-Images_Book_1-1_Reflets_dans_lEau_seg24_offset3.musicxml
ASAP,,{ASAP}/Debussy/Pour_le_Piano/1/xml_score.musicxml,xml_segments/Debussy-Pour_le_Piano-1_seg30_offset3.musicxml
ASAP,,{ASAP}/Glinka/The_Lark/xml_score.musicxml,xml_segments/Glinka-The_Lark_seg20_offset3.musicxml
ASAP,,{ASAP}/Haydn/Keyboard_Sonatas/31-1/xml_score.musicxml,xml_segments/Haydn-Keyboard_Sonatas-31-1_seg17_offset3.musicxml
ASAP,,{ASAP}/Haydn/Keyboard_Sonatas/32-1/xml_score.musicxml,xml_segments/Haydn-Keyboard_Sonatas-32-1_seg18_offset3.musicxml
ASAP,,{ASAP}/Haydn/Keyboard_Sonatas/32-1_no_repeat/xml_score.musicxml,xml_segments/Haydn-Keyboard_Sonatas-32-1_no_repeat_seg18_offset3.musicxml
ASAP,,{ASAP}/Haydn/Keyboard_Sonatas/39-1/xml_score.musicxml,xml_segments/Haydn-Keyboard_Sonatas-39-1_seg29_offset3.musicxml
ASAP,,{ASAP}/Haydn/Keyboard_Sonatas/39-2/xml_score.musicxml,xml_segments/Haydn-Keyboard_Sonatas-39-2_seg16_offset3.musicxml
ASAP,,{ASAP}/Haydn/Keyboard_Sonatas/39-3/xml_score.musicxml,xml_segments/Haydn-Keyboard_Sonatas-39-3_seg31_offset3.musicxml
ASAP,,{ASAP}/Haydn/Keyboard_Sonatas/46-1/xml_score.musicxml,xml_segments/Haydn-Keyboard_Sonatas-46-1_seg22_offset3.musicxml
ASAP,,{ASAP}/Haydn/Keyboard_Sonatas/48-1/xml_score.musicxml,xml_segments/Haydn-Keyboard_Sonatas-48-1_seg34_offset3.musicxml
ASAP,,{ASAP}/Haydn/Keyboard_Sonatas/48-2/xml_score.musicxml,xml_segments/Haydn-Keyboard_Sonatas-48-2_seg67_offset3.musicxml
ASAP,,{ASAP}/Haydn/Keyboard_Sonatas/49-1/xml_score.musicxml,xml_segments/Haydn-Keyboard_Sonatas-49-1_seg45_offset3.musicxml
ASAP,,{ASAP}/Haydn/Keyboard_Sonatas/50-1_no_repeat/xml_score.musicxml,xml_segments/Haydn-Keyboard_Sonatas-50-1_no_repeat_seg27_offset3.musicxml
ASAP,,{ASAP}/Haydn/Keyboard_Sonatas/6-1/xml_score.musicxml,xml_segments/Haydn-Keyboard_Sonatas-6-1_seg13_offset3.musicxml
ASAP,,{ASAP}/Liszt/Annees_de_pelerinage_2/1_Gondoliera/xml_score.musicxml,xml_segments/Liszt-Annees_de_pelerinage_2-1_Gondoliera_seg1_offset3.musicxml
ASAP,,{ASAP}/Liszt/Ballade_2/xml_score.musicxml,xml_segments/Liszt-Ballade_2_seg30_offset3.musicxml
ASAP,,{ASAP}/Liszt/Concert_Etude_S145/1/xml_score.musicxml,xml_segments/Liszt-Concert_Etude_S145-1_seg16_offset3.musicxml
ASAP,,{ASAP}/Liszt/Concert_Etude_S145/2/xml_score.musicxml,xml_segments/Liszt-Concert_Etude_S145-2_seg34_offset3.musicxml
ASAP,,{ASAP}/Liszt/Gran_Etudes_de_Paganini/2_La_campanella/xml_score.musicxml,xml_segments/Liszt-Gran_Etudes_de_Paganini-2_La_campanella_seg22_offset3.musicxml
ASAP,,{ASAP}/Liszt/Gran_Etudes_de_Paganini/6_Theme_and_Variations_repeat/xml_score.musicxml,xml_segments/Liszt-Gran_Etudes_de_Paganini-6_Theme_and_Variations_repeat_seg47_offset3.musicxml
ASAP,,{ASAP}/Liszt/Gran_Etudes_de_Paganini/6_Theme_and_Variations/xml_score.musicxml,xml_segments/Liszt-Gran_Etudes_de_Paganini-6_Theme_and_Variations_seg48_offset3.musicxml
ASAP,,{ASAP}/Liszt/Hungarian_Rhapsodies/6/xml_score.musicxml,xml_segments/Liszt-Hungarian_Rhapsodies-6_seg1_offset3.musicxml
ASAP,,{ASAP}/Liszt/Mephisto_Waltz/xml_score.musicxml,xml_segments/Liszt-Mephisto_Waltz_seg228_offset3.musicxml
ASAP,,{ASAP}/Liszt/Sonata/xml_score.musicxml,xml_segments/Liszt-Sonata_seg46_offset3.musicxml
ASAP,,{ASAP}/Liszt/Transcendental_Etudes/1/xml_score.musicxml,xml_segments/Liszt-Transcendental_Etudes-1_seg6_offset3.musicxml
ASAP,,{ASAP}/Liszt/Transcendental_Etudes/10/xml_score.musicxml,xml_segments/Liszt-Transcendental_Etudes-10_seg31_offset3.musicxml
ASAP,,{ASAP}/Liszt/Transcendental_Etudes/11/xml_score.musicxml,xml_segments/Liszt-Transcendental_Etudes-11_seg33_offset3.musicxml
ASAP,,{ASAP}/Liszt/Transcendental_Etudes/3/xml_score.musicxml,xml_segments/Liszt-Transcendental_Etudes-3_seg25_offset3.musicxml
ASAP,,{ASAP}/Liszt/Transcendental_Etudes/4/xml_score.musicxml,xml_segments/Liszt-Transcendental_Etudes-4_seg1_offset3.musicxml
ASAP,,{ASAP}/Liszt/Transcendental_Etudes/5/xml_score.musicxml,xml_segments/Liszt-Transcendental_Etudes-5_seg24_offset3.musicxml
ASAP,,{ASAP}/Liszt/Transcendental_Etudes/9/xml_score.musicxml,xml_segments/Liszt-Transcendental_Etudes-9_seg16_offset3.musicxml
ASAP,,{ASAP}/Mozart/Fantasie_475/xml_score.musicxml,xml_segments/Mozart-Fantasie_475_seg34_offset3.musicxml
ASAP,,{ASAP}/Mozart/Piano_Sonatas/11-3/xml_score.musicxml,xml_segments/Mozart-Piano_Sonatas-11-3_seg35_offset3.musicxml
ASAP,,{ASAP}/Mozart/Piano_Sonatas/12-1/xml_score.musicxml,xml_segments/Mozart-Piano_Sonatas-12-1_seg1_offset3.musicxml
ASAP,,{ASAP}/Mozart/Piano_Sonatas/12-2/xml_score.musicxml,xml_segments/Mozart-Piano_Sonatas-12-2_seg11_offset3.musicxml
ASAP,,{ASAP}/Mozart/Piano_Sonatas/12-3/xml_score.musicxml,xml_segments/Mozart-Piano_Sonatas-12-3_seg47_offset3.musicxml
ASAP,,{ASAP}/Mozart/Piano_Sonatas/8-1/xml_score.musicxml,xml_segments/Mozart-Piano_Sonatas-8-1_seg28_offset3.musicxml
ASAP,,{ASAP}/Prokofiev/Toccata/xml_score.musicxml,xml_segments/Prokofiev-Toccata_seg57_offset3.musicxml
ASAP,,{ASAP}/Rachmaninoff/Preludes_op_23/4/xml_score.musicxml,xml_segments/Rachmaninoff-Preludes_op_23-4_seg20_offset3.musicxml
ASAP,,{ASAP}/Rachmaninoff/Preludes_op_23/6/xml_score.musicxml,xml_segments/Rachmaninoff-Preludes_op_23-6_seg11_offset3.musicxml
ASAP,,{ASAP}/Rachmaninoff/Preludes_op_32/10/xml_score.musicxml,xml_segments/Rachmaninoff-Preludes_op_32-10_seg16_offset3.musicxml
ASAP,,{ASAP}/Rachmaninoff/Preludes_op_32/5/xml_score.musicxml,xml_segments/Rachmaninoff-Preludes_op_32-5_seg11_offset3.musicxml
ASAP,,{ASAP}/Ravel/Gaspard_de_la_Nuit/1_Ondine/xml_score.musicxml,xml_segments/Ravel-Gaspard_de_la_Nuit-1_Ondine_seg2_offset3.musicxml
ASAP,,{ASAP}/Ravel/Miroirs/3_Une_Barque/xml_score.musicxml,xml_segments/Ravel-Miroirs-3_Une_Barque_seg1_offset3.musicxml
ASAP,,{ASAP}/Ravel/Miroirs/4_Alborada_del_gracioso/xml_score.musicxml,xml_segments/Ravel-Miroirs-4_Alborada_del_gracioso_seg1_offset3.musicxml
ASAP,,{ASAP}/Ravel/Pavane/xml_score.musicxml,xml_segments/Ravel-Pavane_seg19_offset3.musicxml
ASAP,,{ASAP}/Schubert/Impromptu_op.90_D.899/1/xml_score.musicxml,xml_segments/Schubert-Impromptu_op.90_D.899-1_seg52_offset3.musicxml
ASAP,,{ASAP}/Schubert/Impromptu_op.90_D.899/2/xml_score.musicxml,xml_segments/Schubert-Impromptu_op.90_D.899-2_seg72_offset3.musicxml
ASAP,,{ASAP}/Schubert/Impromptu_op.90_D.899/3/xml_score.musicxml,xml_segments/Schubert-Impromptu_op.90_D.899-3_seg16_offset3.musicxml
ASAP,,{ASAP}/Schubert/Impromptu_op.90_D.899/4/xml_score.musicxml,xml_segments/Schubert-Impromptu_op.90_D.899-4_seg62_offset3.musicxml
ASAP,,{ASAP}/Schubert/Impromptu_op.90_D.899/4_no_repeat/xml_score.musicxml,xml_segments/Schubert-Impromptu_op.90_D.899-4_no_repeat_seg69_offset3.musicxml
ASAP,,{ASAP}/Schubert/Impromptu_op142/1/xml_score.musicxml,xml_segments/Schubert-Impromptu_op142-1_seg37_offset3.musicxml
ASAP,,{ASAP}/Schubert/Impromptu_op142/3/xml_score.musicxml,xml_segments/Schubert-Impromptu_op142-3_seg31_offset3.musicxml
ASAP,,{ASAP}/Schubert/Moment_Musical_no_1/xml_score.musicxml,xml_segments/Schubert-Moment_Musical_no_1_seg39_offset3.musicxml
ASAP,,{ASAP}/Schubert/Moment_musical_no_3/xml_score.musicxml,xml_segments/Schubert-Moment_musical_no_3_seg20_offset3.musicxml
ASAP,,{ASAP}/Schubert/Piano_Sonatas/664-1/xml_score.musicxml,xml_segments/Schubert-Piano_Sonatas-664-1_seg35_offset3.musicxml
ASAP,,{ASAP}/Schubert/Piano_Sonatas/664-2/xml_score.musicxml,xml_segments/Schubert-Piano_Sonatas-664-2_seg19_offset3.musicxml
ASAP,,{ASAP}/Schubert/Piano_Sonatas/664-3/xml_score.musicxml,xml_segments/Schubert-Piano_Sonatas-664-3_seg55_offset3.musicxml
ASAP,,{ASAP}/Schubert/Piano_Sonatas/894-2/xml_score.musicxml,xml_segments/Schubert-Piano_Sonatas-894-2_seg46_offset3.musicxml
ASAP,,{ASAP}/Schubert/Piano_Sonatas/894-2_no_repeat/xml_score.musicxml,xml_segments/Schubert-Piano_Sonatas-894-2_no_repeat_seg46_offset3.musicxml
ASAP,,{ASAP}/Schubert/Wanderer_fantasie/xml_score.musicxml,xml_segments/Schubert-Wanderer_fantasie_seg58_offset3.musicxml
ASAP,,{ASAP}/Schumann/Arabeske/xml_score.musicxml,xml_segments/Schumann-Arabeske_seg58_offset3.musicxml
ASAP,,{ASAP}/Schumann/Kreisleriana/1/xml_score.musicxml,xml_segments/Schumann-Kreisleriana-1_seg20_offset3.musicxml
ASAP,,{ASAP}/Schumann/Kreisleriana/1_no_first_repeat/xml_score.musicxml,xml_segments/Schumann-Kreisleriana-1_no_first_repeat_seg20_offset3.musicxml
ASAP,,{ASAP}/Schumann/Kreisleriana/2/xml_score.musicxml,xml_segments/Schumann-Kreisleriana-2_seg44_offset3.musicxml
ASAP,,{ASAP}/Schumann/Kreisleriana/3/xml_score.musicxml,xml_segments/Schumann-Kreisleriana-3_seg40_offset3.musicxml
ASAP,,{ASAP}/Schumann/Kreisleriana/4/xml_score.musicxml,xml_segments/Schumann-Kreisleriana-4_seg8_offset3.musicxml
ASAP,,{ASAP}/Schumann/Kreisleriana/5/xml_score.musicxml,xml_segments/Schumann-Kreisleriana-5_seg40_offset3.musicxml
ASAP,,{ASAP}/Schumann/Kreisleriana/6/xml_score.musicxml,xml_segments/Schumann-Kreisleriana-6_seg11_offset3.musicxml
ASAP,,{ASAP}/Schumann/Kreisleriana/7/xml_score.musicxml,xml_segments/Schumann-Kreisleriana-7_seg31_offset3.musicxml
ASAP,,{ASAP}/Schumann/Toccata/xml_score.musicxml,xml_segments/Schumann-Toccata_seg71_offset3.musicxml
ASAP,,{ASAP}/Schumann/Toccata_repeat/xml_score.musicxml,xml_segments/Schumann-Toccata_repeat_seg72_offset3.musicxml
ASAP,,{ASAP}/Scriabin/Etudes_op_8/11/xml_score.musicxml,xml_segments/Scriabin-Etudes_op_8-11_seg14_offset3.musicxml
ASAP,,{ASAP}/Scriabin/Sonatas/5/xml_score.musicxml,xml_segments/Scriabin-Sonatas-5_seg114_offset3.musicxml
Batik,,../batik_plays_mozart/scores/kv332_3.musicxml,xml_segments/kv332_3_seg62_offset3.musicxml
Batik,,../batik_plays_mozart/scores/kv457_2.musicxml,xml_segments/kv457_2_seg15_offset3.musicxml
Batik,,../batik_plays_mozart/scores/kv533_3.musicxml,xml_segments/kv533_3_seg48_offset3.musicxml
Batik,,../batik_plays_mozart/scores/kv533_2.musicxml,xml_segments/kv533_2_seg31_offset3.musicxml
Batik,,../batik_plays_mozart/scores/kv332_1.musicxml,xml_segments/kv332_1_seg58_offset3.musicxml
Batik,,../batik_plays_mozart/scores/kv282_3.musicxml,xml_segments/kv282_3_seg27_offset3.musicxml
Batik,,../batik_plays_mozart/scores/kv279_1.musicxml,xml_segments/kv279_1_seg26_offset3.musicxml
Batik,,../batik_plays_mozart/scores/kv333_2.musicxml,xml_segments/kv333_2_seg21_offset3.musicxml
Batik,,../batik_plays_mozart/scores/kv331_2.musicxml,xml_segments/kv331_2_seg26_offset3.musicxml
Batik,,../batik_plays_mozart/scores/kv457_1.musicxml,xml_segments/kv457_1_seg47_offset3.musicxml
Batik,,../batik_plays_mozart/scores/kv284_1.musicxml,xml_segments/kv284_1_seg32_offset3.musicxml
Batik,,../batik_plays_mozart/scores/kv331_3.musicxml,xml_segments/kv331_3_seg35_offset3.musicxml
Batik,,../batik_plays_mozart/scores/kv279_2.musicxml,xml_segments/kv279_2_seg20_offset3.musicxml
Batik,,../batik_plays_mozart/scores/kv333_3.musicxml,xml_segments/kv333_3_seg57_offset3.musicxml
Batik,,../batik_plays_mozart/scores/kv281_2.musicxml,xml_segments/kv281_2_seg27_offset3.musicxml
Batik,,../batik_plays_mozart/scores/kv281_3.musicxml,xml_segments/kv281_3_seg41_offset3.musicxml
Batik,,../batik_plays_mozart/scores/kv284_3.musicxml,xml_segments/kv284_3_seg72_offset3.musicxml
Batik,,../batik_plays_mozart/scores/kv330_1.musicxml,xml_segments/kv330_1_seg38_offset3.musicxml
Batik,,../batik_plays_mozart/scores/kv283_2.musicxml,xml_segments/kv283_2_seg11_offset3.musicxml
Batik,,../batik_plays_mozart/scores/kv457_3.musicxml,xml_segments/kv457_3_seg81_offset3.musicxml
Batik,,../batik_plays_mozart/scores/kv281_1.musicxml,xml_segments/kv281_1_seg28_offset3.musicxml
Batik,,../batik_plays_mozart/scores/kv331_1.musicxml,xml_segments/kv331_1_seg35_offset3.musicxml
Batik,,../batik_plays_mozart/scores/kv280_3.musicxml,xml_segments/kv280_3_seg49_offset3.musicxml
Batik,,../batik_plays_mozart/scores/kv282_2.musicxml,xml_segments/kv282_2_seg20_offset3.musicxml
Batik,,../batik_plays_mozart/scores/kv283_3.musicxml,xml_segments/kv283_3_seg70_offset3.musicxml
Batik,,../batik_plays_mozart/scores/kv284_2.musicxml,xml_segments/kv284_2_seg24_offset3.musicxml
Batik,,../batik_plays_mozart/scores/kv533_1.musicxml,xml_segments/kv533_1_seg61_offset3.musicxml
Batik,,../batik_plays_mozart/scores/kv283_1.musicxml,xml_segments/kv283_1_seg31_offset3.musicxml
Batik,,../batik_plays_mozart/scores/kv280_2.musicxml,xml_segments/kv280_2_seg16_offset3.musicxml
Batik,,../batik_plays_mozart/scores/kv333_1.musicxml,xml_segments/kv333_1_seg42_offset3.musicxml
Batik,,../batik_plays_mozart/scores/kv330_2.musicxml,xml_segments/kv330_2_seg18_offset3.musicxml
Batik,,../batik_plays_mozart/scores/kv280_1.musicxml,xml_segments/kv280_1_seg37_offset3.musicxml
Batik,,../batik_plays_mozart/scores/kv330_3.musicxml,xml_segments/kv330_3_seg43_offset3.musicxml
Batik,,../batik_plays_mozart/scores/kv282_1.musicxml,xml_segments/kv282_1_seg10_offset3.musicxml
Batik,,../batik_plays_mozart/scores/kv279_3.musicxml,xml_segments/kv279_3_seg41_offset3.musicxml
Batik,,../batik_plays_mozart/scores/kv332_2.musicxml,xml_segments/kv332_2_seg11_offset3.musicxml
Vienna,,../vienna4x22/musicxml/Chopin_op38.musicxml,xml_segments/Chopin_op38_seg12_offset3.musicxml
Vienna,,../vienna4x22/musicxml/Chopin_op10_no3.musicxml,xml_segments/Chopin_op10_no3_seg6_offset3.musicxml
Vienna,,../vienna4x22/musicxml/Mozart_K331_1st-mov.musicxml,xml_segments/Mozart_K331_1st-mov_seg10_offset3.musicxml
Vienna,,../vienna4x22/musicxml/Schubert_D783_no15.musicxml,xml_segments/Schubert_D783_no15_seg9_offset3.musicxml
